Algorithm Name;Problem File Name;Problem Size;Distance from optimum;Measure;Execution Time;Evaluated states number
Greedy;bur26g;26;38365.53333333333;0.0;6588750.0;6785.266666666666
Steepest;bur26g;26;55565.933333333334;0.0;5789954.0;7822.666666666667
Greedy;esc16e;16;1.7333333333333334;0.0;125028.0;272.4
Steepest;esc16e;16;2.2666666666666666;0.0;183660.0;561.0
Greedy;lipa40b;40;88712.66666666667;0.0;1.4478365E7;7999.066666666667
Steepest;lipa40b;40;89464.93333333333;0.0;2.8779135E7;20073.0
Greedy;nug18;18;86.8;0.0;441313.0;1146.6
Steepest;nug18;18;92.4;561787.0;1714.6
