Algorithm Name;Problem File Name;Problem Size;Distance from optimum;Execution Time;Evaluated states number
Greedy;bur26g;26;41659.13333333333;4769538.0;5834.666666666667
Steepest;bur26g;26;43537.46666666667;4468764.0;7194.333333333333
Greedy;esc16e;16;2.4;85684.0;257.2
Steepest;esc16e;16;2.533333333333333;145239.0;553.0
Greedy;lipa40b;40;89772.73333333334;1.2221143E7;7129.266666666666
Steepest;lipa40b;40;90238.93333333333;2.4172594E7;18409.0
Greedy;nug18;18;82.8;448910.0;1194.4
Steepest;nug18;18;85.86666666666666;538499.0;1775.8
