Algorithm Name;Problem File Name;Problem Size;Optimum;Value;Distance from optimum;Measure;Execution Time;Evaluated states number
Greedy;sko81;81;90998;92744.0;1746.4;0.019191630585287587;3.257916003E9;444710.6
Steepest;sko81;81;90998;92893.0;1895.8666666666666;0.02083415752727166;1.949681543E9;285337.0
Simple heuristic;sko81;81;90998;109781.0;18783.866666666665;0.2064206539337861;3621423.0;3240.0
Random;sko81;81;90998;103788.0;12790.133333333333;0.14055400484992342;2.603868813E9;404984.73333333334
Simulated Anneling;sko81;81;90998;99043.0;8045.066666666667;0.08840926906818464;2.00945979E8;16690.2
Tabu search;sko81;81;90998;91644.0;646.0;0.007099057122134553;1.3455520243E11;2.2330473933333334E7
