Algorithm Name;Problem File Name;Problem Size;Optimum;Value;Distance from optimum;Measure;Execution Time;Evaluated states number
Greedy;bur26g;26;10117172;0.004782792398244621;48388.333333333336;0.004782792398244621;1.0178907E7;6317.866666666667
Steepest;bur26g;26;10117172;0.003295986928626563;33346.066666666666;0.003295986928626563;1.0013013E7;7476.0
Simple heuristic;bur26g;26;10117172;0.10368231359514299;1048971.8;0.10368231359514299;136966.0;325.0
Random;bur26g;26;10117172;0.030799100776382964;311599.8;0.030799100776382964;1.016081E7;4860.8
Greedy;sko81;81;90998;0.01702748045744595;1549.4666666666667;0.01702748045744595;8.718807259E9;475604.86666666664
Steepest;sko81;81;90998;0.024098698139885858;2192.9333333333334;0.024098698139885858;4.247877138E9;292249.0
Simple heuristic;sko81;81;90998;0.20539499036608863;18690.533333333333;0.20539499036608863;6524879.0;3240.0
Random;sko81;81;90998;0.1404192033524546;12777.866666666667;0.1404192033524546;6.483501969E9;430727.6666666667
