Algorithm Name;Problem File Name;Problem Size;Optimum;Value;Distance from optimum;Measure;Execution Time;Evaluated states number
Greedy;bur26g;26;10117172;0.003938973;39851.26667;0.003938973;9588037;6046.133333
Steepest;bur26g;26;10117172;0.003736261;37800.4;0.003736261;8665510;7411
Simple heuristic;bur26g;26;10117172;0.103889157;1051064.467;0.103889157;126655;325
Random;bur26g;26;10117172;0.032818308;332028.4667;0.032818308;9180935;4319.133333
Simulated Anneling;bur26g;26;10117172;0.026425896;267355.3333;0.026425896;4.18E+07;14156.53333
Tabu search;bur26g;26;10117172;0.004612501;46665.46667;0.004612501;3.37E+08;219634.4667
